index,date,kWh
0,2018-10-29 08:52:53.931788,948.718196002213
1,2018-10-29 08:53:30.931788,40.047572026441024
2,2018-10-29 08:53:59.931788,1112.1194310599483
3,2018-10-29 08:54:28.931788,4.859783185280671
4,2018-10-29 08:54:57.931788,17.22435193224552
5,2018-10-29 08:55:29.931788,66.83499324983158
6,2018-10-29 08:56:02.931788,11109.013735886369
7,2018-10-29 08:56:22.931788,97.48380870431201
8,2018-10-29 08:56:54.931788,275.0503150089241
9,2018-10-29 08:57:25.931788,1.92884476044812
10,2018-10-29 08:57:53.931788,3250.94337110219
11,2018-10-29 08:58:29.931788,10.405571748790386
12,2018-10-29 08:58:56.931788,4323.528933288591
13,2018-10-29 08:59:29.931788,2184.070383296102
14,2018-10-29 08:59:53.931788,20574.406017499245
15,2018-10-29 09:00:31.931788,18208.8449188035
16,2018-10-29 09:00:58.931788,12.385994510734182
17,2018-10-29 09:01:27.931788,81.93717721125255
18,2018-10-29 09:01:55.931788,1.4725796300688632
19,2018-10-29 09:02:32.931788,9914.079792617236
20,2018-10-29 09:03:02.931788,285.8519547090305
21,2018-10-29 09:03:23.931788,208.02692503033649
22,2018-10-29 09:03:57.931788,76.97369230046563
23,2018-10-29 09:04:22.931788,19019.530584881293
24,2018-10-29 09:05:01.931788,3.854099996686993
25,2018-10-29 09:05:27.931788,10.271786536874457
26,2018-10-29 09:05:53.931788,13887.637405972593
27,2018-10-29 09:06:31.931788,5.217314208963508
28,2018-10-29 09:06:55.931788,1.1043464809082857
29,2018-10-29 09:07:31.931788,19254.532173044827
30,2018-10-29 09:07:59.931788,222.36885900004035
31,2018-10-29 09:08:24.931788,1403.0580996176282
32,2018-10-29 09:09:00.931788,567.7728439958141
33,2018-10-29 09:09:28.931788,2039.072415967085
34,2018-10-29 09:09:54.931788,125.88085284318568
35,2018-10-29 09:10:30.931788,145.52396321619943
36,2018-10-29 09:10:58.931788,6.535972017733128
37,2018-10-29 09:11:31.931788,1.4360285548143357
38,2018-10-29 09:11:57.931788,200.70222855558094
39,2018-10-29 09:12:27.931788,177.0237541194153
40,2018-10-29 09:12:59.931788,2.8958290583300625
41,2018-10-29 09:13:25.931788,19.84388232703925
42,2018-10-29 09:14:01.931788,1159.5511027668042
43,2018-10-29 09:14:22.931788,203.68932771354216
44,2018-10-29 09:14:55.931788,98.70424117679208
45,2018-10-29 09:15:26.931788,9232.577582924196
46,2018-10-29 09:16:01.931788,622.6605820156097
47,2018-10-29 09:16:30.931788,5.6916553060855595
48,2018-10-29 09:16:55.931788,1682.24198048741
49,2018-10-29 09:17:27.931788,16532.738539514005
50,2018-10-29 09:17:54.931788,10.265698039936217
51,2018-10-29 09:18:23.931788,30.424518747683145
52,2018-10-29 09:18:57.931788,58.07528247213182
53,2018-10-29 09:19:26.931788,6.318175498414044
54,2018-10-29 09:19:55.931788,271.5358275134964
55,2018-10-29 09:20:30.931788,4557.836504153818
56,2018-10-29 09:20:58.931788,6357.088152511775
57,2018-10-29 09:21:31.931788,55.9993804931104
58,2018-10-29 09:22:01.931788,6.954328855360297
59,2018-10-29 09:22:28.931788,16250.826017879155
60,2018-10-29 09:22:52.931788,1024.36656540695
61,2018-10-29 09:23:29.931788,8.647853115330303
62,2018-10-29 09:24:01.931788,1457.5271640950593
63,2018-10-29 09:24:26.931788,64.46793881316191
64,2018-10-29 09:25:02.931788,1553.3631947053896
65,2018-10-29 09:25:24.931788,8217.48820678725
66,2018-10-29 09:25:53.931788,18.021167548980443
67,2018-10-29 09:26:25.931788,8.704174639896992
68,2018-10-29 09:26:53.931788,163.2236429746505
69,2018-10-29 09:27:30.931788,8916.443742914482
70,2018-10-29 09:27:52.931788,2041.7054208743727
71,2018-10-29 09:28:31.931788,15368.798326812761
72,2018-10-29 09:29:02.931788,14467.927531817148
73,2018-10-29 09:29:29.931788,112.77821093826984
74,2018-10-29 09:30:01.931788,9196.077361305777
75,2018-10-29 09:30:25.931788,1.1151873245863326
76,2018-10-29 09:30:53.931788,2.3085398746308767
77,2018-10-29 09:31:27.931788,154.55345152491438
78,2018-10-29 09:31:55.931788,1856.8377159256831
79,2018-10-29 09:32:22.931788,4750.305231715366
80,2018-10-29 09:32:59.931788,2.2457658293176643
81,2018-10-29 09:33:24.931788,215.4331227719864
82,2018-10-29 09:33:53.931788,5.321008672606869
83,2018-10-29 09:34:26.931788,192.94813235018597
84,2018-10-29 09:35:00.931788,3847.5150990589655
85,2018-10-29 09:35:26.931788,4984.480064075608
86,2018-10-29 09:35:57.931788,2.7312365052584613
87,2018-10-29 09:36:28.931788,3.0666122325534215
88,2018-10-29 09:37:02.931788,46.31973655102518
89,2018-10-29 09:37:31.931788,16549.373350202743
90,2018-10-29 09:37:57.931788,284.91362474829526
91,2018-10-29 09:38:30.931788,774.889948569277
92,2018-10-29 09:38:52.931788,3925.0388612384213
93,2018-10-29 09:39:24.931788,203.4008256408303
94,2018-10-29 09:40:02.931788,52.722559939175945
95,2018-10-29 09:40:32.931788,48.69599153125843
96,2018-10-29 09:40:56.931788,2.027344425749531
97,2018-10-29 09:41:31.931788,6815.09596520171
98,2018-10-29 09:41:55.931788,39.285481092218795
99,2018-10-29 09:42:24.931788,3634.887777372266
100,2018-10-29 09:43:00.931788,577.464866949445
101,2018-10-29 09:43:29.931788,235.733963891504
102,2018-10-29 09:43:59.931788,11224.838539081466
103,2018-10-29 09:44:22.931788,153.1169254207819
104,2018-10-29 09:45:00.931788,2.671607533256708
105,2018-10-29 09:45:27.931788,5.856871705301432
106,2018-10-29 09:46:02.931788,599.3941615816269
107,2018-10-29 09:46:26.931788,9.998021846802807
108,2018-10-29 09:46:55.931788,134.46529813698476
109,2018-10-29 09:47:28.931788,12.304626426056833
110,2018-10-29 09:47:54.931788,4.323565011676007
111,2018-10-29 09:48:23.931788,101.9973256192641
112,2018-10-29 09:48:58.931788,10189.629681360811
113,2018-10-29 09:49:25.931788,1.4187166051677895
114,2018-10-29 09:49:58.931788,80.62670657974921
115,2018-10-29 09:50:27.931788,49.723231485424854
116,2018-10-29 09:50:57.931788,1.0025522858887752
117,2018-10-29 09:51:32.931788,9.346918971520186
118,2018-10-29 09:51:56.931788,1.3803869929414978
119,2018-10-29 09:52:22.931788,912.545147050398
120,2018-10-29 09:53:02.931788,5168.153433939128
121,2018-10-29 09:53:23.931788,5.83508868224046
122,2018-10-29 09:53:58.931788,115.80598530974929
123,2018-10-29 09:54:28.931788,1230.9240550525517
124,2018-10-29 09:55:00.931788,19181.300745254066
125,2018-10-29 09:55:25.931788,4.366083371410816
126,2018-10-29 09:55:57.931788,1.8538789391477286
127,2018-10-29 09:56:28.931788,7675.038485995894
128,2018-10-29 09:56:59.931788,1.4898265900561896
129,2018-10-29 09:57:32.931788,1989.8051101035812
130,2018-10-29 09:57:52.931788,1.0446644172311694
131,2018-10-29 09:58:31.931788,1221.9206862381486
132,2018-10-29 09:58:57.931788,2164.3489926504185
133,2018-10-29 09:59:22.931788,521.9198610674459
134,2018-10-29 09:59:52.931788,6030.508833513242
135,2018-10-29 10:00:29.931788,1.4448752290822198
136,2018-10-29 10:01:00.931788,3505.7718539924836
137,2018-10-29 10:01:26.931788,1.1760679393535889
138,2018-10-29 10:01:59.931788,24.51591478772352
139,2018-10-29 10:02:27.931788,2.1157415981219607
140,2018-10-29 10:02:56.931788,23.60311600742955
141,2018-10-29 10:03:27.931788,15.889693913832486
142,2018-10-29 10:03:54.931788,7243.0001917029895
143,2018-10-29 10:04:22.931788,26.330490966214285
144,2018-10-29 10:05:01.931788,2.120230247924483
145,2018-10-29 10:05:23.931788,1440.9148775135238
146,2018-10-29 10:05:53.931788,1300.887051663431
147,2018-10-29 10:06:29.931788,2.8403511820661165
148,2018-10-29 10:06:57.931788,24.117228326210572
149,2018-10-29 10:07:32.931788,1.6620382435403
150,2018-10-29 10:07:52.931788,280.64164058482714
151,2018-10-29 10:08:27.931788,11298.939153820551
152,2018-10-29 10:09:02.931788,4065.2589931706325
153,2018-10-29 10:09:23.931788,5497.998552153687
154,2018-10-29 10:09:58.931788,4.251343979919352
155,2018-10-29 10:10:27.931788,1120.9470943195283
156,2018-10-29 10:11:01.931788,3.176325606643921
157,2018-10-29 10:11:22.931788,557.442881853851
158,2018-10-29 10:12:02.931788,257.41228748363085
159,2018-10-29 10:12:26.931788,3396.531982476678
160,2018-10-29 10:12:56.931788,34.1784634841756
161,2018-10-29 10:13:26.931788,14051.051163784261
162,2018-10-29 10:13:53.931788,4.094636990516841
163,2018-10-29 10:14:28.931788,5226.916570948361
164,2018-10-29 10:15:02.931788,34.850998994447906
165,2018-10-29 10:15:23.931788,1267.0007363884076
166,2018-10-29 10:16:02.931788,2.3399480374669603
167,2018-10-29 10:16:26.931788,407.943254505181
168,2018-10-29 10:16:55.931788,237.39472927930524
169,2018-10-29 10:17:26.931788,461.1121333427222
170,2018-10-29 10:18:02.931788,6347.460220171532
171,2018-10-29 10:18:26.931788,457.1729529630232
172,2018-10-29 10:19:02.931788,21.386958626557448
173,2018-10-29 10:19:27.931788,246.539553416313
174,2018-10-29 10:20:00.931788,25.759587633285545
175,2018-10-29 10:20:32.931788,16793.228023810323
176,2018-10-29 10:21:01.931788,17.718480961151222
177,2018-10-29 10:21:30.931788,30.998084657463085
178,2018-10-29 10:22:00.931788,58.46218841326571
179,2018-10-29 10:22:31.931788,123.326719969898
180,2018-10-29 10:22:54.931788,8.015102133029988
181,2018-10-29 10:23:22.931788,1.8891846149795644
182,2018-10-29 10:24:00.931788,2.5639915485812157
183,2018-10-29 10:24:22.931788,113.0134663969641
184,2018-10-29 10:25:01.931788,3306.232641247352
185,2018-10-29 10:25:31.931788,1.0616217858313561
186,2018-10-29 10:25:56.931788,1.6722017063059944
187,2018-10-29 10:26:31.931788,16679.27301802
188,2018-10-29 10:26:53.931788,7618.587546921112
189,2018-10-29 10:27:30.931788,2150.2970720263716
190,2018-10-29 10:28:00.931788,29.266189468431136
191,2018-10-29 10:28:28.931788,3902.3814014488885
192,2018-10-29 10:28:58.931788,297.3565195497809
193,2018-10-29 10:29:30.931788,6165.7525565295755
194,2018-10-29 10:29:55.931788,6.405883817063286
195,2018-10-29 10:30:31.931788,3965.0450717432655
196,2018-10-29 10:30:58.931788,1328.039654044144
197,2018-10-29 10:31:30.931788,15253.794289210142
198,2018-10-29 10:31:54.931788,417.7428453710975
199,2018-10-29 10:32:31.931788,91.4810762066396
200,2018-10-29 10:32:58.931788,552.8426712338174
201,2018-10-29 10:33:30.931788,9587.712285382095
202,2018-10-29 10:34:01.931788,4.6011467458172675
203,2018-10-29 10:34:29.931788,1502.16208123963
204,2018-10-29 10:34:59.931788,43.049176899311036
205,2018-10-29 10:35:31.931788,11.287106214100449
206,2018-10-29 10:35:57.931788,21750.93706631108
207,2018-10-29 10:36:26.931788,1254.9265808296843
208,2018-10-29 10:36:55.931788,31.691865290354947
209,2018-10-29 10:37:25.931788,6589.916187559916
210,2018-10-29 10:37:55.931788,1.866964383395548
211,2018-10-29 10:38:24.931788,109.51059328163933
212,2018-10-29 10:39:02.931788,334.4894644839444
213,2018-10-29 10:39:25.931788,5672.54313750783
214,2018-10-29 10:39:56.931788,515.7864075714103
215,2018-10-29 10:40:24.931788,26.657784472929475
216,2018-10-29 10:41:00.931788,113.19499217474687
217,2018-10-29 10:41:26.931788,6.743279996298339
218,2018-10-29 10:42:02.931788,6.056354701163204
219,2018-10-29 10:42:30.931788,254.11594651382242
220,2018-10-29 10:42:58.931788,567.9312454611883
221,2018-10-29 10:43:23.931788,875.3219025092108
222,2018-10-29 10:44:01.931788,159.77884898741507
223,2018-10-29 10:44:30.931788,2.837051511411553
224,2018-10-29 10:44:57.931788,152.9992947913432
225,2018-10-29 10:45:26.931788,118.19801605701217
226,2018-10-29 10:45:59.931788,10133.500740298476
227,2018-10-29 10:46:32.931788,2410.365052698455
228,2018-10-29 10:46:59.931788,169.81874355784836
229,2018-10-29 10:47:25.931788,1.6767978184022105
230,2018-10-29 10:48:02.931788,425.96185199062313
231,2018-10-29 10:48:25.931788,810.2001059475596
232,2018-10-29 10:49:02.931788,61.060545713522714
233,2018-10-29 10:49:23.931788,1439.8466517514357
234,2018-10-29 10:49:58.931788,24.707687652472107
235,2018-10-29 10:50:24.931788,1.279491396871797
236,2018-10-29 10:50:57.931788,2316.3808358988304
237,2018-10-29 10:51:32.931788,167.55963468923443
238,2018-10-29 10:51:53.931788,212.57508537465478
239,2018-10-29 10:52:28.931788,14.3862702760136
240,2018-10-29 10:52:58.931788,629.7373707472423
241,2018-10-29 10:53:30.931788,2.441398618470789
242,2018-10-29 10:53:52.931788,15.804448359883839
243,2018-10-29 10:54:30.931788,1469.4492603057442
244,2018-10-29 10:54:55.931788,53.23537828874555
245,2018-10-29 10:55:28.931788,185.94412333012806
246,2018-10-29 10:55:54.931788,326.66242769772964
247,2018-10-29 10:56:27.931788,13510.063003115421
248,2018-10-29 10:57:00.931788,619.0221101482989
249,2018-10-29 10:57:26.931788,9886.265084966246
250,2018-10-29 10:57:57.931788,614.6524887180565
251,2018-10-29 10:58:27.931788,23.87527329836425
252,2018-10-29 10:59:02.931788,13103.64063036745
253,2018-10-29 10:59:30.931788,709.1308050130735
254,2018-10-29 11:00:00.931788,7.456231956537677
255,2018-10-29 11:00:23.931788,28.198193606012435
256,2018-10-29 11:00:56.931788,7070.413586435315
257,2018-10-29 11:01:32.931788,7.5156237489947975
258,2018-10-29 11:01:58.931788,196.85421001816482
259,2018-10-29 11:02:26.931788,187.5199732087256
260,2018-10-29 11:03:00.931788,4211.921431109883
261,2018-10-29 11:03:28.931788,99.30296070244398
262,2018-10-29 11:03:55.931788,1.51201699778938
263,2018-10-29 11:04:27.931788,6.2535410656979975
264,2018-10-29 11:05:02.931788,1.3561835598356402
265,2018-10-29 11:05:24.931788,392.9039798238223
266,2018-10-29 11:05:57.931788,726.0275732865239
267,2018-10-29 11:06:23.931788,4.446462394072723
268,2018-10-29 11:06:54.931788,2084.2028207955823
269,2018-10-29 11:07:28.931788,4.080263851724505
270,2018-10-29 11:08:01.931788,900.1667463532465
271,2018-10-29 11:08:26.931788,2371.4109730500427
272,2018-10-29 11:08:53.931788,53.74556409944139
273,2018-10-29 11:09:31.931788,29.14043848103768
274,2018-10-29 11:09:52.931788,13988.426541244802
275,2018-10-29 11:10:22.931788,3787.0725991513714
276,2018-10-29 11:10:56.931788,5.091664433437749
277,2018-10-29 11:11:31.931788,7.931149992859166
278,2018-10-29 11:11:55.931788,1383.432484270232
279,2018-10-29 11:12:28.931788,508.6311233691098
280,2018-10-29 11:12:55.931788,164.00445640074028
281,2018-10-29 11:13:28.931788,38.82279893870767
282,2018-10-29 11:13:53.931788,2708.9822257897977
283,2018-10-29 11:14:25.931788,42.68825104578872
284,2018-10-29 11:14:59.931788,8.573209598580105
285,2018-10-29 11:15:30.931788,6.212683773846868
286,2018-10-29 11:15:55.931788,12347.82420148377
287,2018-10-29 11:16:22.931788,94.8503491264351
288,2018-10-29 11:16:54.931788,3.8088693820515407
289,2018-10-29 11:17:26.931788,3687.128061449679
290,2018-10-29 11:17:58.931788,234.36138868716137
291,2018-10-29 11:18:29.931788,2.0883325347511725
292,2018-10-29 11:18:55.931788,12954.70479067024
293,2018-10-29 11:19:32.931788,169.58613194194373
294,2018-10-29 11:19:58.931788,6452.129405876637
295,2018-10-29 11:20:22.931788,16978.009056096496
296,2018-10-29 11:21:00.931788,19260.12035721447
297,2018-10-29 11:21:26.931788,13.121645124901281
298,2018-10-29 11:21:53.931788,3363.873703983905
299,2018-10-29 11:22:32.931788,8.929507880371672
300,2018-10-29 11:23:00.931788,1062.4007679360614
301,2018-10-29 11:23:26.931788,123.13231573699112
302,2018-10-29 11:23:58.931788,1.0000221260967779
303,2018-10-29 11:24:27.931788,1609.9580317530585
304,2018-10-29 11:24:57.931788,1.0896193835999501
305,2018-10-29 11:25:24.931788,3.3013300869955766
306,2018-10-29 11:26:00.931788,389.1605732011797
307,2018-10-29 11:26:26.931788,95.88775015742947
308,2018-10-29 11:26:52.931788,51.780212021420304
309,2018-10-29 11:27:32.931788,12.250430188541648
310,2018-10-29 11:28:00.931788,16815.491680407016
311,2018-10-29 11:28:25.931788,14.54577012683316
312,2018-10-29 11:29:02.931788,6.868634383932597
313,2018-10-29 11:29:32.931788,2.051276469737267
314,2018-10-29 11:29:55.931788,442.810529132884
315,2018-10-29 11:30:22.931788,540.0783959080765
316,2018-10-29 11:30:58.931788,2030.0123191480768
317,2018-10-29 11:31:25.931788,10.611027496353588
318,2018-10-29 11:31:56.931788,9130.61068588749
319,2018-10-29 11:32:24.931788,8928.648312757408
320,2018-10-29 11:32:55.931788,170.4923759690386
321,2018-10-29 11:33:23.931788,259.64044792667244
322,2018-10-29 11:33:52.931788,3070.8064377891806
323,2018-10-29 11:34:23.931788,52.713080051988925
324,2018-10-29 11:34:59.931788,1.3503406352600882
325,2018-10-29 11:35:29.931788,49.46024034874033
326,2018-10-29 11:35:58.931788,2466.5334896641793
327,2018-10-29 11:36:31.931788,6.041300224864885
328,2018-10-29 11:37:02.931788,1.8293512871865316
329,2018-10-29 11:37:29.931788,6596.390181220467
330,2018-10-29 11:37:58.931788,5.910601193372677
331,2018-10-29 11:38:23.931788,15660.157259780648
332,2018-10-29 11:38:56.931788,41.29704019123203
333,2018-10-29 11:39:24.931788,1972.078218578725
334,2018-10-29 11:39:52.931788,12062.904164249958
335,2018-10-29 11:40:23.931788,655.7481141028148
336,2018-10-29 11:40:58.931788,84.25623030050687
337,2018-10-29 11:41:30.931788,9824.756968476038
338,2018-10-29 11:41:54.931788,168.82386472587777
339,2018-10-29 11:42:24.931788,2961.835248054397
340,2018-10-29 11:42:53.931788,5.630783860950101
341,2018-10-29 11:43:24.931788,7.805380826619407
342,2018-10-29 11:43:52.931788,1030.2124874048602
343,2018-10-29 11:44:31.931788,19.82744790926215
344,2018-10-29 11:44:52.931788,24.694867222151316
345,2018-10-29 11:45:25.931788,375.5861695839347
346,2018-10-29 11:45:58.931788,1077.5068331979874
347,2018-10-29 11:46:30.931788,12744.429688373639
348,2018-10-29 11:46:52.931788,1454.3089354118936
349,2018-10-29 11:47:30.931788,13.585537489096318
350,2018-10-29 11:47:53.931788,557.1378980674726
351,2018-10-29 11:48:23.931788,18.458298016417473
352,2018-10-29 11:48:58.931788,63.855679834611955
353,2018-10-29 11:49:28.931788,37.715284129118324
354,2018-10-29 11:49:57.931788,7866.017157879987
355,2018-10-29 11:50:22.931788,9996.748289310563
356,2018-10-29 11:50:55.931788,17806.91524637872
357,2018-10-29 11:51:28.931788,3.885714581804006
358,2018-10-29 11:51:57.931788,513.7956343215499
359,2018-10-29 11:52:28.931788,8.241175380619874
360,2018-10-29 11:52:57.931788,30.672012351228176
361,2018-10-29 11:53:27.931788,644.0847766017646
362,2018-10-29 11:53:59.931788,11164.387305973602
363,2018-10-29 11:54:27.931788,8.489713148467116
364,2018-10-29 11:54:53.931788,1300.4811642945476
365,2018-10-29 11:55:29.931788,211.44522859627648
366,2018-10-29 11:55:56.931788,916.8550319570326
367,2018-10-29 11:56:25.931788,1.3387538672601857
368,2018-10-29 11:56:59.931788,1331.814916279076
369,2018-10-29 11:57:26.931788,6053.868824301718
370,2018-10-29 11:58:00.931788,7550.243732696916
371,2018-10-29 11:58:22.931788,185.74821033876762
372,2018-10-29 11:58:55.931788,17281.010251031144
373,2018-10-29 11:59:24.931788,274.19696955177886
374,2018-10-29 11:59:52.931788,1.6065780496723971
375,2018-10-29 12:00:22.931788,7.786915742542158
376,2018-10-29 12:00:52.931788,1.7226380915422124
377,2018-10-29 12:01:23.931788,3247.737008738619
378,2018-10-29 12:01:58.931788,49.65215073801089
379,2018-10-29 12:02:22.931788,33.78868655786445
380,2018-10-29 12:03:02.931788,19657.5377186921
381,2018-10-29 12:03:28.931788,784.9804720990044
382,2018-10-29 12:03:58.931788,17239.951268975077
383,2018-10-29 12:04:23.931788,14.087597684613037
384,2018-10-29 12:04:55.931788,13.258994432095127
385,2018-10-29 12:05:28.931788,7878.07389718353
386,2018-10-29 12:05:55.931788,188.05679411328884
387,2018-10-29 12:06:26.931788,86.37141638418767
388,2018-10-29 12:06:59.931788,6.573102069887347
389,2018-10-29 12:07:27.931788,3.4361409141695685
390,2018-10-29 12:08:00.931788,1.751604652538719
391,2018-10-29 12:08:30.931788,4.2534403523543425
392,2018-10-29 12:09:00.931788,310.21487326848586
393,2018-10-29 12:09:32.931788,29.49616370671128
394,2018-10-29 12:10:00.931788,1470.6184686024412
395,2018-10-29 12:10:27.931788,2838.004929967344
396,2018-10-29 12:10:53.931788,210.57444474848293
397,2018-10-29 12:11:30.931788,1738.8232159069935
398,2018-10-29 12:11:53.931788,3.2776951076510503
399,2018-10-29 12:12:24.931788,147.55880129964848
400,2018-10-29 12:13:02.931788,7878.083416617427
401,2018-10-29 12:13:27.931788,34.84038231147182
402,2018-10-29 12:14:00.931788,2899.4683335174186
403,2018-10-29 12:14:30.931788,20490.326624831294
404,2018-10-29 12:14:59.931788,1.0043791994221782
405,2018-10-29 12:15:25.931788,12.612314456436646
406,2018-10-29 12:15:55.931788,1.5621896870247876
407,2018-10-29 12:16:32.931788,49.5736472511892
408,2018-10-29 12:16:57.931788,97.65236879371034
409,2018-10-29 12:17:32.931788,211.575738133736
410,2018-10-29 12:17:56.931788,77.02946432584648
411,2018-10-29 12:18:29.931788,3104.251838407562
412,2018-10-29 12:18:57.931788,298.37827670536245
413,2018-10-29 12:19:26.931788,2.575692597738641
414,2018-10-29 12:19:59.931788,2123.6323935181595
415,2018-10-29 12:20:24.931788,829.4070911149239
416,2018-10-29 12:20:52.931788,2412.1506360264543
417,2018-10-29 12:21:24.931788,600.2341938824678
418,2018-10-29 12:21:55.931788,560.6621710890519
419,2018-10-29 12:22:25.931788,1649.1216492617682
420,2018-10-29 12:22:52.931788,53.09253599260026
421,2018-10-29 12:23:32.931788,3.796489966515542
422,2018-10-29 12:23:57.931788,822.3066086334276
423,2018-10-29 12:24:27.931788,4.062543538593351
424,2018-10-29 12:25:01.931788,6664.609737414184
425,2018-10-29 12:25:26.931788,100.82134296842425
426,2018-10-29 12:25:56.931788,90.80118532122604
427,2018-10-29 12:26:31.931788,2340.79717204473
428,2018-10-29 12:26:56.931788,1.8850535700443403
429,2018-10-29 12:27:27.931788,12012.94723930907
430,2018-10-29 12:28:00.931788,3486.405798243506
431,2018-10-29 12:28:28.931788,23.337533992181655
432,2018-10-29 12:28:59.931788,34.57260198854839
433,2018-10-29 12:29:26.931788,4.430708941310555
434,2018-10-29 12:29:56.931788,200.73413315461417
435,2018-10-29 12:30:25.931788,314.6553244036136
436,2018-10-29 12:30:55.931788,6154.334657841553
437,2018-10-29 12:31:28.931788,11.567964243779675
438,2018-10-29 12:31:54.931788,1150.8064441418244
439,2018-10-29 12:32:23.931788,13440.365263911279
440,2018-10-29 12:32:53.931788,28.660981666087984
441,2018-10-29 12:33:30.931788,4977.606568248699
442,2018-10-29 12:33:56.931788,8.662177288573792
443,2018-10-29 12:34:24.931788,1177.1254179698497
444,2018-10-29 12:34:59.931788,259.95647887560364
445,2018-10-29 12:35:26.931788,281.02307816023307
446,2018-10-29 12:35:56.931788,3.4749438409571827
447,2018-10-29 12:36:29.931788,64.5231197477767
448,2018-10-29 12:36:58.931788,30.404961373539223
449,2018-10-29 12:37:22.931788,3.0732880767781494
450,2018-10-29 12:38:00.931788,11754.558474949281
451,2018-10-29 12:38:25.931788,2640.8913508904984
452,2018-10-29 12:38:54.931788,34.464815956596624
453,2018-10-29 12:39:26.931788,156.40668001622356
454,2018-10-29 12:39:58.931788,1284.599346289656
455,2018-10-29 12:40:30.931788,39.21171355334531
456,2018-10-29 12:40:58.931788,6146.348943347358
457,2018-10-29 12:41:26.931788,803.7768742721978
458,2018-10-29 12:41:52.931788,25.574837395092747
459,2018-10-29 12:42:26.931788,5.3417159626516595
460,2018-10-29 12:42:52.931788,6859.960870809652
461,2018-10-29 12:43:29.931788,912.5478489310226
462,2018-10-29 12:44:02.931788,18582.275543662003
463,2018-10-29 12:44:24.931788,1106.6770599548092
464,2018-10-29 12:44:55.931788,1298.1844099726766
465,2018-10-29 12:45:31.931788,16753.207932309386
466,2018-10-29 12:45:56.931788,3580.7736556390782
467,2018-10-29 12:46:28.931788,1148.938777413398
468,2018-10-29 12:47:01.931788,1.8353829151897503
469,2018-10-29 12:47:31.931788,2.3664568181867534
470,2018-10-29 12:48:02.931788,24.921660893113717
471,2018-10-29 12:48:32.931788,3.7959537393833283
472,2018-10-29 12:48:53.931788,37.83761365497287
473,2018-10-29 12:49:28.931788,212.4556299617636
474,2018-10-29 12:49:52.931788,7966.359048978423
475,2018-10-29 12:50:23.931788,17.590841789200233
476,2018-10-29 12:50:55.931788,9132.952991413144
477,2018-10-29 12:51:24.931788,240.63001722179894
478,2018-10-29 12:51:53.931788,13201.46979108874
479,2018-10-29 12:52:31.931788,2983.374422195032
480,2018-10-29 12:52:57.931788,1562.8674765121834
481,2018-10-29 12:53:27.931788,221.11176622353062
482,2018-10-29 12:54:02.931788,18.33665819479118
483,2018-10-29 12:54:25.931788,30.06367883739645
484,2018-10-29 12:55:02.931788,8.039823960804522
485,2018-10-29 12:55:23.931788,1.3835187935688444
486,2018-10-29 12:55:55.931788,5717.538557722006
487,2018-10-29 12:56:32.931788,800.8824087057042
488,2018-10-29 12:57:00.931788,13.968120864319976
489,2018-10-29 12:57:31.931788,155.49396708697932
490,2018-10-29 12:58:01.931788,3935.7913755086934
491,2018-10-29 12:58:27.931788,19.56350720212339
492,2018-10-29 12:58:52.931788,62.96035979364271
493,2018-10-29 12:59:30.931788,139.30767931857446
494,2018-10-29 12:59:56.931788,17.328479585363425
495,2018-10-29 13:00:26.931788,1287.138100124703
496,2018-10-29 13:00:52.931788,736.4965312838671
497,2018-10-29 13:01:30.931788,12.078714125474525
498,2018-10-29 13:01:57.931788,8.822008595584547
499,2018-10-29 13:02:26.931788,511.7690337020717
500,2018-10-29 13:02:52.931788,4745.015535908335
501,2018-10-29 13:03:28.931788,4527.0825580584515
502,2018-10-29 13:03:54.931788,7673.452087979868
503,2018-10-29 13:04:22.931788,1.3058415362933007
504,2018-10-29 13:04:52.931788,4.5962511815348535
505,2018-10-29 13:05:29.931788,4233.165844287387
506,2018-10-29 13:06:00.931788,6.6670273414322425
507,2018-10-29 13:06:22.931788,8908.125890936912
508,2018-10-29 13:06:55.931788,3685.9002762497216
509,2018-10-29 13:07:32.931788,715.2652693706767
510,2018-10-29 13:08:02.931788,3492.024834073059
511,2018-10-29 13:08:23.931788,947.5861908014142
512,2018-10-29 13:08:56.931788,2.9641037829484564
513,2018-10-29 13:09:26.931788,257.1513083823298
514,2018-10-29 13:09:52.931788,1.334101717062118
515,2018-10-29 13:10:31.931788,57.19690588545359
516,2018-10-29 13:10:52.931788,979.502113628704
517,2018-10-29 13:11:24.931788,2887.3835198970646
518,2018-10-29 13:12:02.931788,16.07119651113732
519,2018-10-29 13:12:29.931788,9326.613960937453
520,2018-10-29 13:13:01.931788,22.50348423227561
521,2018-10-29 13:13:25.931788,10882.785664530687
522,2018-10-29 13:14:02.931788,4078.569433693524
523,2018-10-29 13:14:28.931788,39.94839148797713
524,2018-10-29 13:14:58.931788,4320.217071352778
525,2018-10-29 13:15:29.931788,2543.094140763732
526,2018-10-29 13:15:53.931788,6.283465972498971
527,2018-10-29 13:16:22.931788,5029.185976388098
528,2018-10-29 13:16:56.931788,33.91802729108654
529,2018-10-29 13:17:29.931788,77.88584680537252
530,2018-10-29 13:17:53.931788,3129.2537693773234
531,2018-10-29 13:18:23.931788,1.0243640041746622
532,2018-10-29 13:18:54.931788,1.594934659828318
533,2018-10-29 13:19:31.931788,282.4048005308616
534,2018-10-29 13:19:52.931788,776.1218238410206
535,2018-10-29 13:20:29.931788,4.085627400603108
536,2018-10-29 13:21:00.931788,11627.480247300526
537,2018-10-29 13:21:26.931788,2.368599447518977
538,2018-10-29 13:21:53.931788,9595.10789123792
539,2018-10-29 13:22:22.931788,66.54342863454723
540,2018-10-29 13:22:59.931788,38.4709364861222
541,2018-10-29 13:23:23.931788,3.844063016911049
542,2018-10-29 13:24:02.931788,1642.5742675225736
543,2018-10-29 13:24:25.931788,141.90268647860955
544,2018-10-29 13:24:54.931788,5201.681765823775
545,2018-10-29 13:25:23.931788,10616.46329298999
546,2018-10-29 13:25:55.931788,4.528689036836247
547,2018-10-29 13:26:28.931788,15902.993905010511
548,2018-10-29 13:26:56.931788,3331.4920375788856
549,2018-10-29 13:27:23.931788,5552.879470063096
550,2018-10-29 13:28:01.931788,71.59356356310218
551,2018-10-29 13:28:26.931788,1.6585221742539813
552,2018-10-29 13:29:00.931788,361.8362917249495
553,2018-10-29 13:29:30.931788,2238.911454210983
554,2018-10-29 13:29:55.931788,9.784649912442951
555,2018-10-29 13:30:25.931788,5595.534836243918
556,2018-10-29 13:30:53.931788,1.1680989532415438
557,2018-10-29 13:31:32.931788,60.15709436925404
558,2018-10-29 13:31:59.931788,25.483571378657334
559,2018-10-29 13:32:23.931788,23.693566817178603
560,2018-10-29 13:32:58.931788,13106.555946990657
561,2018-10-29 13:33:29.931788,5021.099916614591
562,2018-10-29 13:34:02.931788,106.66579976008703
563,2018-10-29 13:34:25.931788,1639.7583838911207
564,2018-10-29 13:34:57.931788,13.802313823513957
565,2018-10-29 13:35:29.931788,18.372153077423192
566,2018-10-29 13:35:52.931788,2.9076049500573693
567,2018-10-29 13:36:31.931788,5078.886851477783
568,2018-10-29 13:36:52.931788,2001.23781949732
569,2018-10-29 13:37:31.931788,15504.83978051441
570,2018-10-29 13:37:59.931788,8.741392066843819
571,2018-10-29 13:38:26.931788,52.083646089223656
572,2018-10-29 13:38:54.931788,38.16289939653624
573,2018-10-29 13:39:23.931788,12.555346114451208
574,2018-10-29 13:39:59.931788,4.244699501249509
575,2018-10-29 13:40:27.931788,1.244209471077682
576,2018-10-29 13:40:56.931788,9268.177066139593
577,2018-10-29 13:41:30.931788,540.1823610881664
578,2018-10-29 13:41:56.931788,2173.4695956838623
579,2018-10-29 13:42:31.931788,1.0121854729455728
580,2018-10-29 13:43:01.931788,2.7870217600151843
581,2018-10-29 13:43:25.931788,5.323965081827004
582,2018-10-29 13:43:54.931788,10.760839291130788
583,2018-10-29 13:44:31.931788,5423.829041675283
584,2018-10-29 13:44:53.931788,19762.075866240688
585,2018-10-29 13:45:30.931788,1068.656992166474
586,2018-10-29 13:46:00.931788,1.7372851565291454
587,2018-10-29 13:46:31.931788,238.27402320701884
588,2018-10-29 13:47:01.931788,2252.0325896410654
589,2018-10-29 13:47:22.931788,374.37703462518016
590,2018-10-29 13:47:55.931788,19.57996733566392
591,2018-10-29 13:48:24.931788,7943.97019486788
592,2018-10-29 13:49:02.931788,16.737296607484033
593,2018-10-29 13:49:22.931788,1090.2197295108538
594,2018-10-29 13:49:55.931788,407.6368124112711
595,2018-10-29 13:50:27.931788,42.544853073052174
596,2018-10-29 13:50:55.931788,535.8921910080535
597,2018-10-29 13:51:25.931788,1.3736418848696945
598,2018-10-29 13:51:52.931788,4.472966696049828
599,2018-10-29 13:52:24.931788,441.21977266097684
600,2018-10-29 13:53:01.931788,12176.603464951713
601,2018-10-29 13:53:31.931788,124.52708809478129
602,2018-10-29 13:53:56.931788,37.05804834523184
603,2018-10-29 13:54:30.931788,3485.0352563463844
604,2018-10-29 13:54:53.931788,1124.6793451230885
605,2018-10-29 13:55:30.931788,9291.732170271496
606,2018-10-29 13:55:55.931788,2.392123388588386
607,2018-10-29 13:56:28.931788,2.834148137807735
608,2018-10-29 13:56:57.931788,18.174792527507133
609,2018-10-29 13:57:32.931788,95.59687556524695
610,2018-10-29 13:57:53.931788,8888.334077956493
611,2018-10-29 13:58:26.931788,6.371420403935123
612,2018-10-29 13:58:54.931788,220.61060857489753
613,2018-10-29 13:59:22.931788,2151.683390530887
614,2018-10-29 13:59:54.931788,81.19391715509907
615,2018-10-29 14:00:24.931788,63.8008624903875
616,2018-10-29 14:00:57.931788,11926.344374080356
617,2018-10-29 14:01:26.931788,9.04534225703307
618,2018-10-29 14:02:02.931788,18401.479711702203
619,2018-10-29 14:02:32.931788,3.9011865360416476
620,2018-10-29 14:02:54.931788,8547.25948446698
621,2018-10-29 14:03:24.931788,158.60631606846417
622,2018-10-29 14:03:59.931788,2200.72036314084
623,2018-10-29 14:04:22.931788,4.476339270357576
624,2018-10-29 14:04:52.931788,460.3367855130762
625,2018-10-29 14:05:27.931788,3.3749338638602087
626,2018-10-29 14:05:59.931788,12410.6510837921
627,2018-10-29 14:06:29.931788,1903.0912244734377
628,2018-10-29 14:06:58.931788,5.3402487276226696
629,2018-10-29 14:07:26.931788,603.33996619186
630,2018-10-29 14:07:56.931788,9103.691529951606
631,2018-10-29 14:08:27.931788,16.03531600705011
632,2018-10-29 14:08:53.931788,274.57962700244843
633,2018-10-29 14:09:31.931788,13.460085305254053
634,2018-10-29 14:09:53.931788,2.373099031859341
635,2018-10-29 14:10:27.931788,556.2917223477447
636,2018-10-29 14:10:52.931788,7.774702415655435
637,2018-10-29 14:11:24.931788,917.1688290208509
638,2018-10-29 14:11:58.931788,1.1788470638367707
639,2018-10-29 14:12:24.931788,639.4709129486514
640,2018-10-29 14:12:56.931788,17.790760494357453
641,2018-10-29 14:13:27.931788,304.0773792014537
642,2018-10-29 14:13:55.931788,874.4160967418406
643,2018-10-29 14:14:28.931788,7688.225171451835
644,2018-10-29 14:14:57.931788,6355.353241007554
645,2018-10-29 14:15:29.931788,5.635377155388114
646,2018-10-29 14:15:54.931788,3314.992875939775
647,2018-10-29 14:16:23.931788,26.61046042921813
648,2018-10-29 14:16:54.931788,1.4731087725018983
649,2018-10-29 14:17:28.931788,5084.151769920093
650,2018-10-29 14:17:58.931788,9287.707653778045
651,2018-10-29 14:18:31.931788,292.75411554302565
652,2018-10-29 14:18:54.931788,107.54116482319215
653,2018-10-29 14:19:27.931788,139.70976938872104
654,2018-10-29 14:19:52.931788,9258.984048824126
655,2018-10-29 14:20:27.931788,25.581313387599923
656,2018-10-29 14:20:52.931788,1396.9719740751138
657,2018-10-29 14:21:29.931788,464.60867580989
658,2018-10-29 14:21:58.931788,10.063830180038648
659,2018-10-29 14:22:31.931788,317.2878934810378
660,2018-10-29 14:23:02.931788,455.87511102463964
661,2018-10-29 14:23:22.931788,5.677062447255487
662,2018-10-29 14:23:55.931788,39.416381201437666
663,2018-10-29 14:24:31.931788,211.342279779593
664,2018-10-29 14:25:02.931788,164.95569033396097
665,2018-10-29 14:25:22.931788,1.5318775374676445
666,2018-10-29 14:25:52.931788,357.2401370268906
667,2018-10-29 14:26:23.931788,1.2033202008418338
668,2018-10-29 14:26:58.931788,2764.808742017521
669,2018-10-29 14:27:27.931788,5175.844423710397
670,2018-10-29 14:27:56.931788,3.411715068298431
671,2018-10-29 14:28:29.931788,1659.71757663923
672,2018-10-29 14:29:02.931788,3.1222172987791015
673,2018-10-29 14:29:24.931788,9977.313634439639
674,2018-10-29 14:30:00.931788,1.638452298001127
675,2018-10-29 14:30:22.931788,11.325083294912595
676,2018-10-29 14:30:53.931788,3379.7317431498327
677,2018-10-29 14:31:31.931788,346.58731469348305
678,2018-10-29 14:32:01.931788,4.826775963924913
679,2018-10-29 14:32:32.931788,65.0805689245094
680,2018-10-29 14:32:57.931788,6.603672310075012
681,2018-10-29 14:33:25.931788,3468.0229112381394
682,2018-10-29 14:34:00.931788,7.248049694994564
683,2018-10-29 14:34:29.931788,17.66676159717597
684,2018-10-29 14:35:02.931788,30.20740507681264
685,2018-10-29 14:35:32.931788,2.347697150858934
686,2018-10-29 14:35:55.931788,237.52454650987136
687,2018-10-29 14:36:29.931788,4.24581746000888
688,2018-10-29 14:36:58.931788,7906.075511717014
689,2018-10-29 14:37:27.931788,9706.646453247891
690,2018-10-29 14:37:56.931788,153.12903928463606
691,2018-10-29 14:38:26.931788,2.882893442732041
692,2018-10-29 14:38:57.931788,3.3694930791797955
693,2018-10-29 14:39:23.931788,33.57286705990384
694,2018-10-29 14:39:53.931788,1.0796843263214924
695,2018-10-29 14:40:28.931788,1151.5206292757364
696,2018-10-29 14:40:59.931788,12.917563900977767
697,2018-10-29 14:41:28.931788,2.5705111694961937
698,2018-10-29 14:41:58.931788,1.0000476642745402
699,2018-10-29 14:42:22.931788,63.11278867685991
700,2018-10-29 14:42:53.931788,5.666257255196743
701,2018-10-29 14:43:25.931788,7.167553773067881
702,2018-10-29 14:43:57.931788,14761.183594791893
703,2018-10-29 14:44:29.931788,15087.685165416731
704,2018-10-29 14:44:52.931788,1.776923761688305
705,2018-10-29 14:45:29.931788,1.6932985517765131
706,2018-10-29 14:46:02.931788,1.3967659742140697
707,2018-10-29 14:46:24.931788,7.599532433666393
708,2018-10-29 14:47:00.931788,4719.284003201415
709,2018-10-29 14:47:24.931788,20.579889287396085
710,2018-10-29 14:48:02.931788,73.77464430740197
711,2018-10-29 14:48:25.931788,374.1925446802949
712,2018-10-29 14:48:53.931788,225.92935542513365
713,2018-10-29 14:49:24.931788,682.8902855100974
714,2018-10-29 14:49:52.931788,34.56120650720338
715,2018-10-29 14:50:25.931788,1839.4471009684592
716,2018-10-29 14:51:00.931788,60.68312122686779
717,2018-10-29 14:51:27.931788,1269.1231485584565
718,2018-10-29 14:52:01.931788,3468.201267763743
719,2018-10-29 14:52:25.931788,1.6151222468417294
720,2018-10-29 14:52:56.931788,44.995855492889106
721,2018-10-29 14:53:32.931788,38.22590637135142
722,2018-10-29 14:53:57.931788,30.647491381648734
723,2018-10-29 14:54:24.931788,946.9094784231388
724,2018-10-29 14:54:53.931788,2.7260637302733755
725,2018-10-29 14:55:25.931788,3627.093046149019
726,2018-10-29 14:55:57.931788,5.874078064060885
727,2018-10-29 14:56:22.931788,1228.298413898504
728,2018-10-29 14:56:58.931788,1.1135560439923764
729,2018-10-29 14:57:31.931788,18.919997131812536
730,2018-10-29 14:57:52.931788,20040.31344697375
731,2018-10-29 14:58:23.931788,5233.756166382253
732,2018-10-29 14:58:53.931788,5029.07587550242
733,2018-10-29 14:59:31.931788,528.2247858660319
734,2018-10-29 14:59:57.931788,283.2209118527488
735,2018-10-29 15:00:26.931788,117.35613008573954
736,2018-10-29 15:00:59.931788,72.25432908566748
737,2018-10-29 15:01:25.931788,15.413659613299789
738,2018-10-29 15:01:59.931788,4941.389775307828
739,2018-10-29 15:02:23.931788,1.2594388078378242
740,2018-10-29 15:02:57.931788,6811.750897299778
741,2018-10-29 15:03:25.931788,115.59778245907104
742,2018-10-29 15:03:58.931788,1233.1303117347693
743,2018-10-29 15:04:31.931788,94.3671418558333
744,2018-10-29 15:04:57.931788,348.01591536464093
745,2018-10-29 15:05:27.931788,19649.38139963046
746,2018-10-29 15:05:58.931788,3.6930612007639234
747,2018-10-29 15:06:27.931788,1.0151268479382733
748,2018-10-29 15:06:55.931788,1.3066733423932246
749,2018-10-29 15:07:26.931788,63.77057339574067
750,2018-10-29 15:07:58.931788,416.1135893046539
751,2018-10-29 15:08:27.931788,2.8136035645930613
752,2018-10-29 15:08:59.931788,40.60733315086063
753,2018-10-29 15:09:32.931788,4654.6288387761615
754,2018-10-29 15:09:58.931788,13.669539344670106
755,2018-10-29 15:10:29.931788,1.472088058215835
756,2018-10-29 15:10:59.931788,1287.8570139898409
757,2018-10-29 15:11:27.931788,12826.022902009707
758,2018-10-29 15:11:54.931788,24.20815066807232
759,2018-10-29 15:12:25.931788,505.1947971694747
760,2018-10-29 15:13:00.931788,3.4861910011191832
761,2018-10-29 15:13:29.931788,4.799866351302962
762,2018-10-29 15:14:00.931788,3598.2523148717205
763,2018-10-29 15:14:26.931788,3011.428327076864
764,2018-10-29 15:15:01.931788,54.86259760961324
765,2018-10-29 15:15:26.931788,195.7683866199214
766,2018-10-29 15:16:01.931788,697.8508434045661
767,2018-10-29 15:16:31.931788,62.22467717017725
768,2018-10-29 15:16:55.931788,66.53254441716705
769,2018-10-29 15:17:31.931788,3.3954316729466356
770,2018-10-29 15:17:52.931788,85.72732149876258
771,2018-10-29 15:18:27.931788,62.593518086832155
772,2018-10-29 15:19:01.931788,10885.35973739507
773,2018-10-29 15:19:24.931788,46.288670223730584
774,2018-10-29 15:19:59.931788,19382.78941180937
775,2018-10-29 15:20:28.931788,18345.376602169752
776,2018-10-29 15:20:57.931788,3.801562330645667
777,2018-10-29 15:21:29.931788,14.507833841957842
778,2018-10-29 15:22:02.931788,124.54305285091311
779,2018-10-29 15:22:28.931788,3.716857042375992
780,2018-10-29 15:23:02.931788,520.758706974057
781,2018-10-29 15:23:23.931788,1861.464765977941
782,2018-10-29 15:23:56.931788,302.4628877910611
783,2018-10-29 15:24:24.931788,270.4910925876339
784,2018-10-29 15:25:01.931788,4791.2482193832075
785,2018-10-29 15:25:25.931788,690.5403570628652
786,2018-10-29 15:25:58.931788,1535.3168893361465
787,2018-10-29 15:26:24.931788,165.26922484536658
788,2018-10-29 15:26:54.931788,19.9068582924983
789,2018-10-29 15:27:32.931788,1172.3776013351894
790,2018-10-29 15:28:00.931788,316.96900801556984
791,2018-10-29 15:28:26.931788,134.4921448564673
792,2018-10-29 15:29:02.931788,3.500234302584372
793,2018-10-29 15:29:31.931788,1999.5379034766172
794,2018-10-29 15:30:00.931788,608.5811269962298
795,2018-10-29 15:30:26.931788,642.9051609445829
796,2018-10-29 15:30:57.931788,64.80868211726757
797,2018-10-29 15:31:25.931788,1297.7192710529405
798,2018-10-29 15:31:57.931788,5164.971489766864
799,2018-10-29 15:32:31.931788,83.58569026200614
800,2018-10-29 15:32:58.931788,127.41745386600844
801,2018-10-29 15:33:22.931788,9487.09431018423
802,2018-10-29 15:33:52.931788,2047.749938519271
803,2018-10-29 15:34:25.931788,3131.9077430148373
804,2018-10-29 15:34:59.931788,2.251420801676618
805,2018-10-29 15:35:23.931788,15.300162906807513
806,2018-10-29 15:35:56.931788,11720.628962827766
807,2018-10-29 15:36:31.931788,17.069827834341478
808,2018-10-29 15:36:55.931788,276.22301014959737
809,2018-10-29 15:37:28.931788,71.15048739329495
810,2018-10-29 15:37:58.931788,5.580711328949386
811,2018-10-29 15:38:22.931788,286.48443573740843
812,2018-10-29 15:38:55.931788,11878.527536111304
813,2018-10-29 15:39:27.931788,3385.6775804637105
814,2018-10-29 15:40:02.931788,6940.15508304885
815,2018-10-29 15:40:32.931788,130.2022611997408
816,2018-10-29 15:41:01.931788,21.806919426114817
817,2018-10-29 15:41:24.931788,3.34577643519744
818,2018-10-29 15:41:55.931788,5282.927633830119
819,2018-10-29 15:42:29.931788,41.27308672894058
820,2018-10-29 15:42:57.931788,2056.0111362085904
821,2018-10-29 15:43:29.931788,4.207072053639532
822,2018-10-29 15:43:59.931788,618.8176830233157
823,2018-10-29 15:44:30.931788,490.069532634687
824,2018-10-29 15:44:54.931788,10.545177286991752
825,2018-10-29 15:45:22.931788,3828.55707261651
826,2018-10-29 15:45:56.931788,212.2105488712081
827,2018-10-29 15:46:24.931788,3427.52740719434
828,2018-10-29 15:46:58.931788,282.2358322325459
829,2018-10-29 15:47:30.931788,4.874471367417834
830,2018-10-29 15:47:58.931788,19.240166646317963
831,2018-10-29 15:48:32.931788,34.66773784642538
832,2018-10-29 15:48:55.931788,879.1243767221097
833,2018-10-29 15:49:24.931788,127.05458398597702
834,2018-10-29 15:49:54.931788,200.87450674432225
835,2018-10-29 15:50:24.931788,9532.48731073498
836,2018-10-29 15:51:02.931788,454.20709547239755
837,2018-10-29 15:51:23.931788,948.4176937096578
838,2018-10-29 15:51:55.931788,37.58631682292345
839,2018-10-29 15:52:25.931788,76.80588889644469
840,2018-10-29 15:53:00.931788,8.219136220625945
841,2018-10-29 15:53:29.931788,222.44111467282076
842,2018-10-29 15:54:01.931788,1717.798432572966
843,2018-10-29 15:54:26.931788,17733.64222130936
844,2018-10-29 15:54:58.931788,186.96622849402493
845,2018-10-29 15:55:29.931788,6.033222665780499
846,2018-10-29 15:55:52.931788,2265.126756412053
847,2018-10-29 15:56:28.931788,389.59630502225156
848,2018-10-29 15:56:53.931788,494.6687826984941
849,2018-10-29 15:57:30.931788,1.5206812017285511
850,2018-10-29 15:57:54.931788,1.7006961912476943
851,2018-10-29 15:58:29.931788,35.845696995921635
852,2018-10-29 15:58:53.931788,133.00450850564496
853,2018-10-29 15:59:26.931788,331.94840268816216
854,2018-10-29 15:59:53.931788,7773.307583017478
855,2018-10-29 16:00:29.931788,4.982359576751375
856,2018-10-29 16:01:00.931788,9279.841711158873
857,2018-10-29 16:01:26.931788,59.66105069974515
858,2018-10-29 16:01:53.931788,22.97497608601498
859,2018-10-29 16:02:27.931788,216.69960773802887
860,2018-10-29 16:03:00.931788,21.68682469307884
861,2018-10-29 16:03:26.931788,7753.594817859574
862,2018-10-29 16:03:56.931788,9.279487499211184
863,2018-10-29 16:04:29.931788,499.8234010463925
864,2018-10-29 16:04:54.931788,833.2691542573806
865,2018-10-29 16:05:27.931788,151.19243840668915
866,2018-10-29 16:05:58.931788,1065.3797911932804
867,2018-10-29 16:06:28.931788,1268.8737398634266
868,2018-10-29 16:07:01.931788,35.01868913628452
869,2018-10-29 16:07:29.931788,4.8334429367471365
870,2018-10-29 16:07:54.931788,1346.7236247402416
871,2018-10-29 16:08:31.931788,6400.921751199489
872,2018-10-29 16:08:56.931788,14435.326522149715
873,2018-10-29 16:09:32.931788,1284.0091425130365
874,2018-10-29 16:10:02.931788,450.1573654419352
875,2018-10-29 16:10:32.931788,262.6543348929144
876,2018-10-29 16:10:54.931788,4.767325744899924
877,2018-10-29 16:11:32.931788,1679.5471764005686
878,2018-10-29 16:11:56.931788,3.273638535641501
879,2018-10-29 16:12:27.931788,248.91195791410823
880,2018-10-29 16:12:53.931788,10337.96975773737
881,2018-10-29 16:13:25.931788,5844.294836570801
882,2018-10-29 16:13:54.931788,19793.133506875718
883,2018-10-29 16:14:30.931788,720.3566819138302
884,2018-10-29 16:14:59.931788,371.7496278593038
885,2018-10-29 16:15:31.931788,5.422100081555924
886,2018-10-29 16:16:00.931788,592.895307455817
887,2018-10-29 16:16:31.931788,92.07094441558812
888,2018-10-29 16:16:52.931788,1814.8390202631767
889,2018-10-29 16:17:26.931788,1204.342668139487
890,2018-10-29 16:17:54.931788,12.600043860953587
891,2018-10-29 16:18:26.931788,1732.2821468307266
892,2018-10-29 16:18:59.931788,10.098062405801231
893,2018-10-29 16:19:31.931788,3.1555647752711207
894,2018-10-29 16:19:55.931788,20.743060803885196
895,2018-10-29 16:20:28.931788,153.14659259588848
896,2018-10-29 16:20:56.931788,735.4718499535996
897,2018-10-29 16:21:31.931788,14.626672903766568
898,2018-10-29 16:21:57.931788,5954.940983834561
899,2018-10-29 16:22:27.931788,1363.922544038931
900,2018-10-29 16:22:54.931788,364.252729664595
901,2018-10-29 16:23:27.931788,1325.7180437261936
902,2018-10-29 16:24:01.931788,6928.7495256711845
903,2018-10-29 16:24:25.931788,12.324781326811914
904,2018-10-29 16:25:01.931788,1153.8118375304966
905,2018-10-29 16:25:27.931788,11.643726160791283
906,2018-10-29 16:25:58.931788,5535.413878524435
907,2018-10-29 16:26:25.931788,10.271377362772402
908,2018-10-29 16:26:53.931788,6.140725882554497
909,2018-10-29 16:27:22.931788,1830.1802542481473
910,2018-10-29 16:27:57.931788,6.612719427045032
911,2018-10-29 16:28:31.931788,18074.127490250856
912,2018-10-29 16:29:00.931788,2642.182601798523
913,2018-10-29 16:29:24.931788,5666.63428955494
914,2018-10-29 16:29:54.931788,157.53526719481113
915,2018-10-29 16:30:32.931788,822.127611396618
916,2018-10-29 16:30:58.931788,2543.9908537073275
917,2018-10-29 16:31:28.931788,8849.418026092719
918,2018-10-29 16:31:57.931788,1481.3460782816046
919,2018-10-29 16:32:26.931788,133.1173310989403
920,2018-10-29 16:32:53.931788,349.3139480067707
921,2018-10-29 16:33:28.931788,368.7774916941387
922,2018-10-29 16:33:58.931788,42.5240284317688
923,2018-10-29 16:34:23.931788,2.536109070446027
924,2018-10-29 16:34:53.931788,19491.75280176034
925,2018-10-29 16:35:28.931788,1653.8051551864978
926,2018-10-29 16:35:53.931788,24.846711024496695
927,2018-10-29 16:36:31.931788,96.92465083487606
928,2018-10-29 16:36:59.931788,1875.8739064807714
929,2018-10-29 16:37:22.931788,134.3014756601465
930,2018-10-29 16:37:56.931788,11722.741910610002
931,2018-10-29 16:38:31.931788,3407.2587474235506
932,2018-10-29 16:38:54.931788,15245.958356564812
933,2018-10-29 16:39:23.931788,4298.5712385844745
934,2018-10-29 16:39:54.931788,6.520466787265887
935,2018-10-29 16:40:28.931788,150.66308124478752
936,2018-10-29 16:40:59.931788,6.912710320671122
937,2018-10-29 16:41:29.931788,23.358087756496424
938,2018-10-29 16:41:52.931788,3635.208889701461
939,2018-10-29 16:42:24.931788,406.7016014310404
940,2018-10-29 16:43:00.931788,363.57210684175936
941,2018-10-29 16:43:32.931788,8.545776547785065
942,2018-10-29 16:43:55.931788,1030.761044456234
943,2018-10-29 16:44:25.931788,377.2344241721442
944,2018-10-29 16:44:57.931788,2.212013859716158
945,2018-10-29 16:45:31.931788,399.66724361129326
946,2018-10-29 16:45:55.931788,5.641057290080528
947,2018-10-29 16:46:32.931788,520.443599859442
948,2018-10-29 16:47:02.931788,18474.47157462239
949,2018-10-29 16:47:32.931788,361.9925079348094
950,2018-10-29 16:47:52.931788,238.04014406883798
951,2018-10-29 16:48:27.931788,9965.559754522861
952,2018-10-29 16:48:54.931788,5.793696759831459
953,2018-10-29 16:49:27.931788,49.605230214021034
954,2018-10-29 16:49:55.931788,3042.5926501909107
955,2018-10-29 16:50:30.931788,198.18854007925418
956,2018-10-29 16:50:54.931788,28.935595132460232
957,2018-10-29 16:51:26.931788,37.23978065866904
958,2018-10-29 16:52:01.931788,7.843496323892207
959,2018-10-29 16:52:29.931788,150.18914116990132
960,2018-10-29 16:53:00.931788,3723.384070608074
961,2018-10-29 16:53:28.931788,4.448955734418445
962,2018-10-29 16:54:01.931788,73.16754785580878
963,2018-10-29 16:54:26.931788,294.53522348934615
964,2018-10-29 16:55:02.931788,230.21687483920672
965,2018-10-29 16:55:27.931788,6.2685026248262306
966,2018-10-29 16:55:53.931788,5.780965938669528
967,2018-10-29 16:56:26.931788,75.19435044871817
968,2018-10-29 16:57:02.931788,6.2634950852453155
969,2018-10-29 16:57:23.931788,14106.49286080853
970,2018-10-29 16:58:02.931788,14.020964653904365
971,2018-10-29 16:58:25.931788,1440.1205352288869
972,2018-10-29 16:58:56.931788,4285.588591431558
973,2018-10-29 16:59:24.931788,790.0801080337881
974,2018-10-29 16:59:52.931788,3.880098026373637
975,2018-10-29 17:00:32.931788,1558.507000441869
976,2018-10-29 17:01:02.931788,19980.917379235947
977,2018-10-29 17:01:27.931788,1.5968140394104489
978,2018-10-29 17:01:58.931788,4.12623219794568
979,2018-10-29 17:02:28.931788,1.0514619839780568
980,2018-10-29 17:02:55.931788,626.0701586230545
981,2018-10-29 17:03:29.931788,3393.3248785508067
982,2018-10-29 17:04:02.931788,1008.5513466959227
983,2018-10-29 17:04:25.931788,7.779611223591598
984,2018-10-29 17:04:55.931788,997.9351275277058
985,2018-10-29 17:05:22.931788,2.7800790880333945
986,2018-10-29 17:06:01.931788,251.25995458099712
987,2018-10-29 17:06:32.931788,14186.556015374272
988,2018-10-29 17:06:55.931788,1711.9202836063184
989,2018-10-29 17:07:24.931788,182.30852946243178
990,2018-10-29 17:07:57.931788,57.89054441394411
991,2018-10-29 17:08:22.931788,14.825664041381716
992,2018-10-29 17:08:59.931788,193.14949553071435
993,2018-10-29 17:09:32.931788,262.7527666116639
994,2018-10-29 17:09:57.931788,103.56454200448093
995,2018-10-29 17:10:23.931788,1456.5368460295392
996,2018-10-29 17:10:56.931788,19.52593475581177
997,2018-10-29 17:11:28.931788,12.678172766861447
998,2018-10-29 17:12:01.931788,1.6263413707007286
999,2018-10-29 17:12:25.931788,588.1255463675968
